licensePlate,name,registrationDate,deregistrationDate
AB-EF-456,Devin,2025-01-01,9999-12-31
AB-GH-789,Ilse,2025-01-01,9999-12-31
XY-ZZ-124,Hilde,2025-01-02,9999-12-12
AB-CD-789,Berta,2025-01-01,9999-12-31
AB-EF-123,Caesar,2025-01-01,9999-12-31
AB-GH-123,Ferdi,2025-01-01,9999-12-31
AB-CD-456,Albert,2025-01-01,2025-05-10
AB-CD-123,Dennis,2025-01-01,2025-01-02
AB-EF-789,Emil,2025-01-01,9999-12-31
AB-GH-456,Heiko,2025-01-01,9999-12-31
AB-CD-9999,Johann,2025-01-01,9999-12-31
